{
    "loss": [
        1.0173076391220093,
        1.0017297267913818,
        0.9864134192466736,
        0.971308171749115,
        0.956264078617096,
        0.9413894414901733,
        0.9264775514602661,
        0.9125640392303467,
        0.8976496458053589,
        0.8826219439506531,
        0.8673730492591858,
        0.8513771295547485,
        0.8339253067970276,
        0.815047562122345,
        0.79404616355896,
        0.7717992067337036,
        0.7475971579551697,
        0.7226328253746033,
        0.6966854333877563,
        0.6728476285934448,
        0.6514692306518555,
        0.6332069635391235,
        0.6170408129692078,
        0.6032477021217346,
        0.5904533267021179,
        0.5792953372001648,
        0.5686508417129517,
        0.5595422983169556,
        0.5515503883361816,
        0.5448219776153564,
        0.5394648909568787,
        0.5341991186141968,
        0.5286807417869568,
        0.5238164067268372,
        0.5184280276298523,
        0.513182520866394,
        0.5063608288764954,
        0.4997286796569824,
        0.493130087852478,
        0.4849376678466797,
        0.4756050705909729,
        0.46330997347831726,
        0.4484498202800751,
        0.42764392495155334,
        0.40280410647392273,
        0.3845144808292389,
        0.3675226867198944,
        0.35664916038513184,
        0.3500409424304962,
        0.33921292424201965,
        0.3319510817527771,
        0.3383532166481018,
        0.32152125239372253,
        0.31863030791282654,
        0.31770947575569153,
        0.29884007573127747,
        0.29440152645111084,
        0.2930184006690979,
        0.2918795645236969,
        0.2911396324634552
    ],
    "val_loss": [
        1.0024385452270508,
        0.9883427619934082,
        0.9742655754089355,
        0.9602323770523071,
        0.9464344382286072,
        0.9324653148651123,
        0.9185379147529602,
        0.9043486714363098,
        0.8897677063941956,
        0.8743280172348022,
        0.8578012585639954,
        0.8396676778793335,
        0.8194553256034851,
        0.7973374128341675,
        0.7721987962722778,
        0.7448314428329468,
        0.7150378823280334,
        0.683611273765564,
        0.6526005864143372,
        0.6231518387794495,
        0.5976164937019348,
        0.5764301419258118,
        0.5586259365081787,
        0.5437582731246948,
        0.530972421169281,
        0.5188714861869812,
        0.5085554122924805,
        0.49900761246681213,
        0.4907130300998688,
        0.48250439763069153,
        0.4752979278564453,
        0.4684736728668213,
        0.46241042017936707,
        0.4555273950099945,
        0.45015063881874084,
        0.4471389949321747,
        0.4382687211036682,
        0.43454718589782715,
        0.4272973835468292,
        0.41552576422691345,
        0.40673089027404785,
        0.3989441692829132,
        0.37444910407066345,
        0.3566403090953827,
        0.34512564539909363,
        0.3291146755218506,
        0.31644096970558167,
        0.3093165457248688,
        0.2910934090614319,
        0.29132184386253357,
        0.30862417817115784,
        0.2977471947669983,
        0.2931778132915497,
        0.2747316062450409,
        0.2857314944267273,
        0.2824688255786896,
        0.28118467330932617,
        0.2740098237991333,
        0.276236355304718,
        0.28090569376945496
    ]
}
