{
    "loss": [
        0.9888287782669067,
        0.97628253698349,
        0.9633458256721497,
        0.9502295255661011,
        0.9369522333145142,
        0.9238201975822449,
        0.9104905128479004,
        0.8970065116882324,
        0.8829213976860046,
        0.8687873482704163,
        0.8538799285888672,
        0.8380327224731445,
        0.8211321830749512,
        0.8029742240905762,
        0.7836756706237793,
        0.7624338865280151,
        0.7403213977813721,
        0.7174239754676819,
        0.6947439908981323,
        0.6729939579963684,
        0.6523405909538269,
        0.6340981125831604,
        0.6175972819328308,
        0.6029702425003052,
        0.5902987122535706,
        0.5789234042167664,
        0.5679735541343689,
        0.5594518184661865,
        0.5517574548721313,
        0.5455918312072754,
        0.539797306060791,
        0.5341668128967285,
        0.5302472114562988,
        0.5253195762634277,
        0.519757866859436,
        0.5141667723655701,
        0.5085626840591431,
        0.5018469095230103,
        0.49533820152282715,
        0.48768383264541626,
        0.47927916049957275,
        0.46915802359580994,
        0.4556126296520233,
        0.43834030628204346,
        0.41690200567245483,
        0.3940739333629608,
        0.37735795974731445,
        0.36016470193862915,
        0.3498609662055969,
        0.34319543838500977,
        0.33345678448677063,
        0.3266867995262146,
        0.32696303725242615,
        0.3129137456417084,
        0.3148587942123413,
        0.3002369701862335,
        0.29263272881507874,
        0.290423721075058,
        0.2892029583454132,
        0.2876410186290741
    ],
    "val_loss": [
        0.9815606474876404,
        0.9707697629928589,
        0.9597779512405396,
        0.94875568151474,
        0.9375635981559753,
        0.9262033700942993,
        0.914466917514801,
        0.9023062586784363,
        0.8894829154014587,
        0.8756749033927917,
        0.8607388138771057,
        0.8441069722175598,
        0.8254744410514832,
        0.8050470948219299,
        0.7820515632629395,
        0.7570241093635559,
        0.7302598357200623,
        0.7021146416664124,
        0.6736222505569458,
        0.6462088227272034,
        0.6207972764968872,
        0.5986980199813843,
        0.5796091556549072,
        0.5632826089859009,
        0.549789309501648,
        0.53764408826828,
        0.527056097984314,
        0.5183125138282776,
        0.5097602605819702,
        0.5032919645309448,
        0.49615752696990967,
        0.49128028750419617,
        0.4847550690174103,
        0.47841405868530273,
        0.4744248390197754,
        0.46810829639434814,
        0.46265900135040283,
        0.4589773416519165,
        0.4527307152748108,
        0.44439029693603516,
        0.43464967608451843,
        0.42468756437301636,
        0.4126327335834503,
        0.3913874626159668,
        0.38161537051200867,
        0.3491761088371277,
        0.33567360043525696,
        0.3537503182888031,
        0.3191954791545868,
        0.32613393664360046,
        0.31327590346336365,
        0.30920329689979553,
        0.30011019110679626,
        0.30260175466537476,
        0.29600343108177185,
        0.28115376830101013,
        0.28381648659706116,
        0.2812108099460602,
        0.285163015127182,
        0.27847057580947876
    ],
    "lr": [
        9.999999747378752e-06,
        1.1220184205740225e-05,
        1.2589253856276628e-05,
        1.4125375855655875e-05,
        1.5848931070649996e-05,
        1.778279329300858e-05,
        1.995262391574215e-05,
        2.238721208414063e-05,
        2.511886486900039e-05,
        2.8183829272165895e-05,
        3.162277789670043e-05,
        3.548133827280253e-05,
        3.981071859016083e-05,
        4.46683588961605e-05,
        5.0118724175263196e-05,
        5.62341338081751e-05,
        6.30957365501672e-05,
        7.079458009684458e-05,
        7.943282253108919e-05,
        8.912509656511247e-05,
        9.999999747378752e-05,
        0.00011220184387639165,
        0.0001258925476577133,
        0.00014125375309959054,
        0.00015848931798245758,
        0.00017782794020604342,
        0.0001995262282434851,
        0.00022387212084140629,
        0.0002511886414140463,
        0.00028183829272165895,
        0.0003162277571391314,
        0.0003548133827280253,
        0.0003981071640737355,
        0.00044668358168564737,
        0.0005011872272007167,
        0.000562341301701963,
        0.000630957365501672,
        0.0007079457864165306,
        0.0007943282253108919,
        0.0008912509656511247,
        0.0010000000474974513,
        0.0011220184387639165,
        0.001258925418369472,
        0.0014125375309959054,
        0.0015848932089284062,
        0.0017782794311642647,
        0.00199526222422719,
        0.0022387211211025715,
        0.002511886414140463,
        0.0028183830436319113,
        0.003162277629598975,
        0.003548133885487914,
        0.003981071524322033,
        0.004466835875064135,
        0.005011872388422489,
        0.0010000000474974513,
        0.0010000000474974513,
        0.0010000000474974513,
        0.0010000000474974513,
        0.0010000000474974513
    ]
}